<?xml version="1.0" encoding="UTF-8"?>
<beans xmlns="http://www.springframework.org/schema/beans"
   xmlns:xsi="http://www.w3.org/2001/XMLSchema-instance"
   xmlns:jaxws="http://cxf.apache.org/jaxws"
   xsi:schemaLocation="
         http://www.springframework.org/schema/beans 
         http://www.springframework.org/schema/beans/spring-beans.xsd
         http://cxf.apache.org/jaxws
         http://cxf.apache.org/schemas/jaxws.xsd">

    <bean id="myPasswordCallback"
        class="service.ServerPasswordCallback" />

    <jaxws:endpoint 
        id="doubleit"
        implementor="service.DoubleItPortTypeImpl"
        address="/doubleit" 
        wsdlLocation="WEB-INF/wsdl/DoubleIt.wsdl">
 
        <!-- Use this for the UsernameToken Symmetric Binding w/X.509 for secret key derivation -->
        <jaxws:properties>
            <entry key="ws-security.callback-handler">
                <ref bean="myPasswordCallback"/>
            </entry>
            <entry key="ws-security.signature.properties" value="serviceKeystore.properties"/>
        </jaxws:properties> 

        <!-- Use this for the UsernameToken Symmetric Binding w/UT password for secret key derivation -->
        <!--jaxws:properties>
            <entry key="ws-security.callback-handler">
                <ref bean="myPasswordCallback"/>
            </entry>
        </jaxws:properties-->

    </jaxws:endpoint>

</beans>
