<beans xmlns="http://www.springframework.org/schema/beans"
    xmlns:cxf="http://cxf.apache.org/core" xmlns:jaxws="http://cxf.apache.org/jaxws"
    xmlns:test="http://apache.org/hello_world_soap_http" xmlns:xsi="http://www.w3.org/2001/XMLSchema-instance"
    xmlns:util="http://www.springframework.org/schema/util"
    xsi:schemaLocation="
http://cxf.apache.org/core
http://cxf.apache.org/schemas/core.xsd
http://www.springframework.org/schema/beans
http://www.springframework.org/schema/beans/spring-beans-2.0.xsd
http://cxf.apache.org/jaxws
http://cxf.apache.org/schemas/jaxws.xsd
http://www.springframework.org/schema/util
http://www.springframework.org/schema/util/spring-util-2.0.xsd">

    <import resource="classpath:META-INF/cxf/cxf.xml"/>

    <cxf:bus>
        <cxf:features>
            <cxf:logging />
        </cxf:features>
    </cxf:bus>

    <bean id="mySTSProviderBean"
        class="org.apache.cxf.sts.provider.DefaultSecurityTokenServiceProvider">
        <property name="stsProperties" ref="mySTSProperties" />
        <property name="services" ref="myServiceList" />
    </bean>

    <bean id="myServiceList" class="org.apache.cxf.sts.service.StaticService">
        <property name="endpoints" ref="wspAllowedEndpoints" />
    </bean>

    <util:list id="wspAllowedEndpoints">
        <value>http://localhost:8080/doubleit/services/doubleit.*</value>
    </util:list>

    <bean id="mySTSProperties" class="org.apache.cxf.sts.StaticSTSProperties">
        <property name="signaturePropertiesFile" value="stsKeystore.properties" />
        <property name="signatureUsername" value="mystskey" />
        <property name="callbackHandlerClass" value="sts.PasswordCallbackHandler" />
        <property name="encryptionPropertiesFile" value="stsKeystore.properties" />
        <property name="issuer" value="DoubleItSTSIssuer" />
        <property name="encryptionUsername" value="myservicekey"/>
    </bean>

    <jaxws:endpoint id="CXFSTS" implementor="#mySTSProviderBean"
        address="/STS" wsdlLocation="/WEB-INF/wsdl/DoubleItSTSService.wsdl"
        xmlns:ns1="http://docs.oasis-open.org/ws-sx/ws-trust/200512/"
        serviceName="ns1:SecurityTokenService" endpointName="ns1:STS_Port">
        <jaxws:properties>
            <entry key="ws-security.callback-handler" value="sts.PasswordCallbackHandler" />
            <entry key="ws-security.signature.properties" value="stsKeystore.properties" />
            <entry key="ws-security.signature.username" value="mystskey" />
            <!-- Below unused/unneeded if using UT auth between WSC and STS -->
            <entry key="ws-security.encryption.username" value="useReqSigCert" />
            <!-- Uncomment below only if (1) using UT auth *and* (2) Metro clients -->
            <!-- Needed due to lack of TokenType param (Metro bugs WSIT-1324 and WSIT-1570) -->
            <!--entry key="ws-security.is-bsp-compliant" value="false"/-->
        </jaxws:properties>
    </jaxws:endpoint>

</beans>

