<?xml version="1.0" encoding="UTF-8"?>
<beans xmlns="http://www.springframework.org/schema/beans"
   xmlns:xsi="http://www.w3.org/2001/XMLSchema-instance"
   xmlns:jaxws="http://cxf.apache.org/jaxws"
   xsi:schemaLocation="
         http://www.springframework.org/schema/beans 
         http://www.springframework.org/schema/beans/spring-beans.xsd
         http://cxf.apache.org/jaxws
         http://cxf.apache.org/schemas/jaxws.xsd">

   <jaxws:endpoint 
      id="doubleit"
      implementor="service.DoubleItPortTypeImpl"
      address="/doubleit" 
      wsdlLocation="WEB-INF/wsdl/DoubleIt.wsdl">
 
      <!-- Uncomment only if using WS-SecurityPolicy -->
      <jaxws:properties>
         <entry key="ws-security.callback-handler" value-ref="myPasswordCallback"/>
      </jaxws:properties> 

      <!-- Uncomment only if using standard WSS4J interceptors -->
      <!--jaxws:inInterceptors>
         <bean
            class="org.apache.cxf.ws.security.wss4j.WSS4JInInterceptor">
            <constructor-arg>
               <map>
                  <entry key="action" value="UsernameToken"/>
                  <entry key="passwordType" value="PasswordText"/>
                  <entry key="passwordCallbackRef" value-ref="myPasswordCallback"/>
               </map>
            </constructor-arg>
         </bean>
      </jaxws:inInterceptors-->
   </jaxws:endpoint>

   <bean id="myPasswordCallback" class="service.ServerPasswordCallback" />
</beans>
