<?xml version="1.0" encoding="utf-8"?>
<wsdl:definitions 
    targetNamespace="http://docs.oasis-open.org/ws-sx/ws-trust/200512/"
    xmlns="http://schemas.xmlsoap.org/wsdl/" 
    xmlns:wsdl="http://schemas.xmlsoap.org/wsdl/" 
    xmlns:wsu="http://docs.oasis-open.org/wss/2004/01/oasis-200401-wss-wssecurity-utility-1.0.xsd"
    xmlns:xsd="http://www.w3.org/2001/XMLSchema" 
    xmlns:wsp="http://www.w3.org/ns/ws-policy"
    xmlns:tns="http://docs.oasis-open.org/ws-sx/ws-trust/200512/" 
    xmlns:sc1="http://schemas.sun.com/2006/03/wss/client" 
    xmlns:wspp="http://java.sun.com/xml/ns/wsit/policy">

    <wsdl:portType name="STSService"/>

    <wsdl:binding name="UT_Binding" type="tns:STSService">
        <wsp:PolicyReference URI="#UT_policy" />
    </wsdl:binding>

    <wsdl:binding name="X509_Binding" type="tns:STSService">
        <wsp:PolicyReference URI="#X509_policy" />
    </wsdl:binding>

    <wsp:Policy wsu:Id="UT_policy">
        <wsp:ExactlyOne>
            <wsp:All>
                <sc1:TrustStore wspp:visibility="private" peeralias="mystskey"
                    storepass="cspass" type="JKS" location="${keystore.dir}/clientstore.jks"/>
                <sc1:CallbackHandlerConfiguration wspp:visibility="private"> 
                    <sc1:CallbackHandler default="alice" name="usernameHandler"/> 
                    <sc1:CallbackHandler default="clarinet" name="passwordHandler"/> 
                </sc1:CallbackHandlerConfiguration>
            </wsp:All>
        </wsp:ExactlyOne>
    </wsp:Policy>

    <wsp:Policy wsu:Id="X509_policy">
        <wsp:ExactlyOne>
            <wsp:All>
                <sc1:KeyStore wspp:visibility="private" storepass="cspass" alias="myclientkey"
                    keypass="ckpass" type="JKS" location="${keystore.dir}/clientstore.jks" />
                <sc1:TrustStore wspp:visibility="private" peeralias="mystskey"
                    storepass="cspass" type="JKS" location="${keystore.dir}/clientstore.jks" />
            </wsp:All>
        </wsp:ExactlyOne>
    </wsp:Policy>

    <wsdl:service name="SecurityTokenService">
        <wsdl:port name="STS_Port" binding="tns:UT_Binding"/>
        <!--wsdl:port name="STS_Port" binding="tns:X509_Binding"/-->
    </wsdl:service>

</wsdl:definitions>

