<?xml version="1.0" encoding="UTF-8"?>
<wsdl:definitions name="DoubleIt" xmlns:xsd="http://www.w3.org/2001/XMLSchema"
    xmlns:wsdl="http://schemas.xmlsoap.org/wsdl/"
    xmlns:tns="http://www.example.org/contract/DoubleIt"
    targetNamespace="http://www.example.org/contract/DoubleIt"
    xmlns:wsp="http://www.w3.org/ns/ws-policy"
    xmlns:wsu="http://docs.oasis-open.org/wss/2004/01/oasis-200401-wss-wssecurity-utility-1.0.xsd"
    xmlns:wspp="http://java.sun.com/xml/ns/wsit/policy"
    xmlns:sc1="http://schemas.sun.com/2006/03/wss/client"
    xmlns:tc="http://schemas.sun.com/ws/2006/05/trust/client">

    <wsdl:portType name="DoubleItPortType"/>

    <wsdl:binding name="DoubleItBinding" type="tns:DoubleItPortType">
        <wsp:PolicyReference URI="#DoubleItBindingPolicy" />
    </wsdl:binding>

    <wsp:Policy wsu:Id="DoubleItBindingPolicy">
        <wsp:ExactlyOne>
            <wsp:All>
                <sc1:KeyStore wspp:visibility="private" alias="myclientkey" keypass="ckpass"
                    storepass="cspass" type="JKS" location="${keystore.dir}/clientstore.jks" />
                <sc1:TrustStore wspp:visibility="private" peeralias="myservicekey"
                    storepass="cspass" type="JKS" location="${keystore.dir}/clientstore.jks" />
                <!--tc:PreconfiguredSTS wspp:visibility="private"
                    endpoint="http://localhost:8080/DoubleItSTS/STS" 
                    wstVersion="http://docs.oasis-open.org/ws-sx/ws-trust/200512"/-->
            </wsp:All>
        </wsp:ExactlyOne>
    </wsp:Policy>

    <wsdl:service name="DoubleItService">
        <wsdl:port name="DoubleItPort" binding="tns:DoubleItBinding"/>
    </wsdl:service>
</wsdl:definitions> 
