<beans xmlns="http://www.springframework.org/schema/beans"
   xmlns:xsi="http://www.w3.org/2001/XMLSchema-instance"
   xmlns:jaxws="http://cxf.apache.org/jaxws"
   xsi:schemaLocation="http://www.springframework.org/schema/beans 
   http://www.springframework.org/schema/beans/spring-beans.xsd
   http://cxf.apache.org/jaxws 
   http://cxf.apache.org/schemas/jaxws.xsd">

    <jaxws:client name="{http://www.example.org/contract/DoubleIt}DoubleItPort" createdFromAPI="true">
        <!-- Use this for the UsernameToken Symmetric Binding w/X.509 for secret key derivation -->
        <jaxws:properties>
            <entry key="ws-security.username" value="alice"/>        
            <entry key="ws-security.callback-handler" value="client.ClientPasswordCallback"/>        
            <entry key="ws-security.encryption.properties" value="clientKeystore.properties"/>
            <entry key="ws-security.encryption.username" value="myservicekey"/>
            <!-- Below line needed only when accessing a Metro WSP due to 
                 lack of TokenType param (Metro bugs WSIT-1324 and WSIT-1570) -->
            <!--entry key="ws-security.is-bsp-compliant" value="false"/-->
        </jaxws:properties>

        <!-- Use this for the UsernameToken Symmetric Binding w/UT password for secret key derivation -->
        <!--jaxws:properties>
            <entry key="ws-security.username" value="alice"/>        
            <entry key="ws-security.callback-handler" value="client.ClientPasswordCallback"/>        
        </jaxws:properties-->
    </jaxws:client>

</beans>

